Score,Dealer Name,City,State,Title,Keywords,People,Source URL,Snippet,Mention Count,Discovered At
HOT,shared with our group,Vanessa Green Sinders,FL,economic development,economic development,of Grapefruit Health; of CITT; of the Greater; of Communications; Christine Barney on,https://www.miamichamber.com/news/,"banging into a shortage of people in the employment arena, a Greater Miami Chamber of Commerce Economic Summit panel ...Read MoreWorkforce housing is economic development, chamber session told | Greater Miami Chamber of Commerce11/10/2022Workforce housing gaps are really economic development issues ",112,2026-03-18T12:15:16
HOT,shared with our group,Dade County,FL,broke ground,broke ground,of Grapefruit Health; of CITT; of the Greater; of Communications; Christine Barney on,https://www.miamichamber.com/news/,cher salaries ...Read MoreDeveloper breaks ground on apartments in Opa-locka | Greater Miami Chamber of Commerce11/10/2022Redwood National Properties broke ground on an apartment complex in Opa-locka as it aims to ramp up development of multifamily for working-class ...Read More2020-The Impact of CO,21,2026-03-18T12:15:16
HOT,Scout MotorsThe biggest car,,,groundbreaking ceremony,groundbreaking ceremony,"Scott Keogh insists; Mike Stanton said; SaysByCaleb JacobsVolkswagen Plans; SaysByCaleb Jacobs
Scout; SaysByCaleb Jacobs
HEADING",https://www.thedrive.com/news/scout-can-do-better-customer-experience-without-dealerships-ceo-says,"the brand “will not do business with anyone that threatens or tries to intimidate it, either directly or indirectly.”Keogh speaking at the startup’s groundbreaking ceremony in South Carolina.Scout MotorsKeogh went on to explain the inefficiencies in the automotive industry that once worked but no lo",4,2026-03-18T12:31:34
HOT,Don't miss tomorrow's automotive,Dublin,OH,acquisition of,acquisition of; acquired by; new dealership; new owner; remodel,of Hacman Financial; of The Presidio; at Accrual Equity; Todd Blue envisions; SaysView allWardsAuto news,https://www.wardsauto.com/news/dealers-seek-to-acquire-ferrari-dealers-ultra-luxury/813439/,"ng hands with increasing frequency.Among the more recent Ferrari transactions,U.S. Auto Trust acquired a Ferrarifranchise as part of its October 2025 acquisition of Boardwalk Auto Group; Zeigler Auto Group acquiredFerrari of Lake Forestin May 2025; the Jeff Wyler Auto Familyacquired a Ferrari franch",76,2026-03-18T12:31:33
HOT,Don't miss tomorrow's automotive,Greenville,SC,acquisition of,acquisition of; under construction; remodel,"of the three; for the Nissan; of The Presidio; SaysView allWardsAuto news; SaysView all
An",https://www.wardsauto.com/news/third-generation-dealers-branch-out-with-rbm-automotive-group/814386/,"incipal of the three stores.The acquisition will involve a significant real estate investment for RBM. One of the manufacturers’ stipulations for the acquisition of the Porsche and Land Rover franchises was that RBM build standalone facilities for each brand, which are currently on one piece of prop",30,2026-03-18T12:31:27
HOT,Don't miss tomorrow's automotive,Santa Monica,CA,new owner,new owner; acquired by,"of Fletcher Jones; of Haig Partners; of the BMW; SaysView allWardsAuto news; SaysView all
An",https://www.wardsauto.com/news/a-very-rare-opportunity-fletcher-jones-nabs-bmw-dealership-in-southern-c/812653/,"es nabs BMW dealership in Southern CaliforniaIt’s rare to find a single-point, family-owned luxury franchise for sale in an affluent market. Now, the new owners are looking to leverage it by improving the customer experience.Published Feb. 20, 2026ByAlysha WebbShareCopy linkEmailLinkedInX/TwitterFac",25,2026-03-18T12:31:25
HOT,"MarketingSponsored ContentSubprimeTechnologyTrainingVideosWebinars
Best Practices
Certified Pre-Owned",Coppell,TX,acquisition of,acquisition of,"Independent
Inventory; the limits of",https://www.niada.com/news/,"DANovember 25, 2025IndustryInventory & Floor PlanningAmerica’s Auto Auction adds auctions in Wisconsin, CarolinasAmerica’s Auto Auction announced the acquisition of Jefferson Mid-State Auto Auction in Wisconsin and United Mobile Auctions in North Carolina Monday. America’s Auto Auction, based in Car",21,2026-03-18T12:15:22
HOT,shared with our group,Dade County,FL,Now Open,now open; economic development,of Grapefruit Health; of CITT; of the Greater; of Communications; Christine Barney on,https://www.miamichamber.com/news/,embers from the Greater Miami Chamber of Commerce will travel to Tallahassee to advocate on behalf of the South Florida ...Read MoreJPMorgan Chase Is Now Open To Relocating To Miami After Vetoing The Move A Few Years Ago | Greater Miami Chamber of Commerce11/10/2022The CEO of JPMorgan Chase has repo,36,2026-03-18T12:15:16
HOT,Lexus stores for certified,Indiana,WI,acquisition of,acquisition of,Scott Painter; Chris Gillman in; to offer consignment; Todd Case tried; Dave Blake was,https://www.autoremarketing.com/feed,"t platform designed to empower Canadian consumers throughout the entire vehicle ownership lifecycle, has added another piece to that mission with the acquisition of FIX4 Capital Lending Inc.’s dealer network and repair financing originations. “This acquisition aligns with autologiQ’s strategy to exp",1,2026-03-18T12:15:13
